"","AUC","CI","accuracy","sensitivity","specificity","precision","recall","f1score"
"1",0.969135802469136,"0.9234-1",0.939393939393939,0.981481481481482,0.75,0.946428571428571,0.981481481481482,0.963636363636364
