"","AUC","CI","accuracy","sensitivity","specificity","precision","recall","f1score"
"1",0.988425925925926,"0.9645-1",0.848484848484849,0.814814814814815,1,1,0.814814814814815,0.897959183673469
