"","AUC","CI","accuracy","sensitivity","specificity","precision","recall","f1score"
"1",0.979166666666667,"0.9445-1",0.944444444444444,1,0.5,0.941176470588235,1,0.96969696969697
