"","AUC","CI","accuracy","sensitivity","specificity","precision","recall","f1score"
"1",0.987654320987654,"0.9665-1",0.909090909090909,0.907407407407407,0.916666666666667,0.98,0.907407407407407,0.942307692307692
